,precision,recall,f1-score,support
No Diabetes,0.7980769230769231,0.83,0.8137254901960784,100.0
Diabetes,0.66,0.6111111111111112,0.6346153846153846,54.0
accuracy,0.7532467532467533,0.7532467532467533,0.7532467532467533,0.7532467532467533
macro avg,0.7290384615384615,0.7205555555555556,0.7241704374057315,154.0
weighted avg,0.7496603396603396,0.7532467532467533,0.7509206479794716,154.0
