Model,Train Accuracy,Test Accuracy,Precision,Recall,F1 Score,CV Score
Logistic Regression,0.7866449511400652,0.7142857142857143,0.6,0.5555555555555556,0.5769230769230769,0.7752499000399841
Decision Tree,0.8338762214983714,0.7077922077922078,0.6153846153846154,0.4444444444444444,0.5161290322580645,0.7264294282287085
Random Forest,0.996742671009772,0.7532467532467533,0.66,0.6111111111111112,0.6346153846153846,0.765480474476876
